351538,Arun,arun@123,User,coral,arun.balasekar@wipro.com
351942,Navin,navin@123,User,coral,navin@wipro.com
351535,Aashika,aashika@123,User,coral,aashika@wipro.com
353556,Mayanka,mayanka@123,User,coral,mayanka@wipro.com
351984,Tarun,tarun@123,User,kaizen,tarun@wipro.com
351985,Threka,threka@123,User,kaizen,threka@wipro.com
351553,Keerthi,china,User,kaizen,keerthi@wipro.com
351928,Keerthana,japan,User,kaizen,keerthana@wipro.com
